{
  "sample_count": 9,
  "timestamp": "20250829_144202",
  "data_summary": {
    "total_movies": 9,
    "avg_rating": 7.366666666666666,
    "rating_range": [
      5.7,
      8.8
    ],
    "year_range": [
      2025,
      2025
    ],
    "top_genres": {
      "爱情": 4,
      "恐怖": 4,
      "喜剧": 2,
      "惊悚": 2,
      "剧情": 2,
      "科幻": 1,
      "动作": 1,
      "动画": 1,
      "悬疑": 1,
      "奇幻": 1
    },
    "avg_runtime": 113.77777777777777
  }
}